class,texto_llm,prediccion,prob_anorexia
anorexia,a ver cuando se empiezan con las de anorexia y bulimia. es demasiado fÃ¡cil acceder a ellas.,anorexia,0.95
control,"Â¡7 dÃ­as, 7 razones para entrenar! llegamos al domingo y Â¡wow, se acabÃ³ la semana! porque ningÃºn cirujano esculpirÃ¡ tu cuerpo de la misma forma que lo harÃ¡ el binomio nutriciciÃ³n entrenamiento nutricion entrenamiento postureo fuerza introstraining exito28madrid",control,0.0010000000000000009
anorexia,como bajar peso comiendo sin parar. tips,control,0.050000000000000044
anorexia,"no importa si ese platillo luce bien,delicioso,rico.eso tiene muchÃ­simas calorÃ­as. nodebescomer nomasgorda motivation",anorexia,0.95
control,por supuesto el polo es de fruta y casero mÃ¡s frases patatar sano hay que cuidarse pera dÃ³nde vas sin comer sano pasas pasas totalmente de lo insano maÃ­z convencio de cer sano un poco de humor para hacerlo todo mejor. come,control,0.050000000000000044
anorexia,odio comer como una cerda por ansiedad hoy he comido patatas fritas de bolsa porque no tenÃ­a tabaco... Â¡fuck!,anorexia,0.95
control,"empieza la semana con mayor energia y concentracion con el super c4 el preworkout mÃ¡s vendido en usa energÃ­a explosiva, mayor concentraciÃ³n y un impulso abrumador de enfrentar cualquier desafÃ­o bodysculpting cellucor c4 preworkout boutique lunes felizsemana",control,0.050000000000000044
anorexia,no le decimos porque creamos que son personas sino porque simplemente odiamos la palabra anorexia y bulimia,control,0.050000000000000044
control,"nada, nada! hay que dar bocados a la vaca viva eso si es",control,0.050000000000000044
anorexia,"y encima que no es delito? vergonzoso. tiendas con misma talla y una mas pequeÃ±a que otra, no se que futuro nos espera diariode",control,0.050000000000000044
control,a fuego lento mÃ­nimo tienes que ponerlo un par de horitas pa sacarle todo el jugo. las abuelas muchas veces reciclan la carne para hacer un potaje de acelgas o de judias con calabazas con parte del caldo. esto es y lo demÃ¡s son tonterÃ­as.,control,0.050000000000000044
control,"denuncia estas pÃ¡gs, denuncia las empresas que las mantienen la pesadilla anorexia bulimia",anorexia,0.95
control,"jamas entendere a las personas que llegan a extremos con tal de encajar en la moda, en especial las de",control,0.050000000000000044
control,"que bien te ves cuando te das cuenta, que lo Ãºnico que necesitas para brillar es confiar en ti. photographer photography instapic instagramers workout lifestyle en mexico",control,0.050000000000000044
anorexia,carajo despuÃ©s de este fin de semana que tuve me tocara ayunar el resto de mi vida. rexybill,anorexia,0.95
anorexia,"hace mes tenÃ­a que pedirle ayuda a mis compaÃ±eras para que me suban el cierre de la pollera de danza, ahora me la subo sin ningÃºn problema esfuerzoyresultado",anorexia,0.95
control,lenguado a la naranja ideasdenutricion lenguado naranja cuidatesiempre cocinitas,control,0.050000000000000044
control,"vamos poco a poco, como dice el dicho para atras ni para coger impulso siempre adelante vamos por mÃ¡s! . . sexy love model follow healthy like fashion beautiful cute",control,0.050000000000000044
anorexia,Â¿por quÃ© nos cuesta tanto aceptar nuestro cuerpo y encontrar la belleza que hay en Ã©l? anorexia dietas,anorexia,0.95
anorexia,"te hacen estar en huelga de hambre hasta ser perfecta. pero tener hambre, cortarte y estar triste no es perfecciÃ³n.",anorexia,0.95
anorexia,se que pronto podrÃ© ser una muÃ±equita de porcelana anaymialifestyle anaymiaforeverfriends anaymiaarequeen anaymiaporsiempre anaymiatips thinsp0 collarbones thighgaps,anorexia,0.95
anorexia,ellas son tan perfectas! thinspo thinspiration thighgap,anorexia,0.95
anorexia,una de la maÃ±ana con laxantes....!!! malditagordura perfecciÃ³n,anorexia,0.95
control,la realidad es la que es...,control,0.050000000000000044
anorexia,yo para no contar calorias no como nada,anorexia,0.95
anorexia,1er dÃ­a desayuno una manzana almuerzo 12 litro de agua. cena 1 litro de agua skinny intentodeayuno,anorexia,0.95
anorexia,"hoy me atasco, maÃ±ana le bajÃ³, y asÃ­ poco a poco hasta no comer nada pero me quedo en el hoy me atasco y asÃ­ todos los dÃ­as",anorexia,0.95
control,"pez espada y tomate aliÃ±ado despuÃ©s de una intensa maÃ±ana de consultas. omega 3, ven a mi! eleccionesandaluzas nutriciÃ³n natural salud saludybienestar",control,0.050000000000000044
control,Â¿te interesa la cocina? Â¿y sobre todo comer sano? alimentacion healthy cocina nutricion,control,0.050000000000000044
control,la acumulaciÃ³n de pequeÃ±os pasos se convierten en pasos grandes. motivaciÃ³n actitud,control,0.050000000000000044
anorexia,"ok un dÃ­a lleno de ejercicio y pocas calorÃ­as, un dÃ­a productivo. proana promia soy coldprince",anorexia,0.95
control,me reto yo mismo y lo hago publico para no fallar y si fallÃ³ me castigan con un challenge jijiji voy a mi retofit retofitness yopuedo entrenamiebto santodomingo,control,0.050000000000000044
control,algo anda mal aquÃ­? josepika vidasanayactiva,anorexia,0.95
control,"abastero corte de vacuno chileno al horno en cocciÃ³n lenta por 4 hrs. acompaÃ±a pimiento y cebolla asadas en el mismo horno. perdÃ³n, pero no hubo luz en el sector, asÃ­ que la mayonesa es de fabrica lowcarbchile lowcarb keto lchf lchp",control,0.050000000000000044
anorexia,ya se estan empezando a notar mis claviculas3 imnotmissperfection breathme,anorexia,0.85
control,y lo que me pregunto es cÃ³mo se puede permitir que estÃ©n activas este tipo de cuentas???? me avisa y me ofrece ayuda cuando introduzco pero no hay denuncias ni censura como cuando sale un simple pezÃ³n de mujer en una foto,anorexia,0.85
anorexia,dios bendiga los gimnasios. anorexia bulimia,anorexia,0.95
control,te deseo una semana tan vibrante como los colores de mi sofrito comerenvenezuela conloquesepuedecomprar sofrito comidavenezolana bajardepeso healthyfood obesidad sop cocinaparanovatas lunes elmundocambiasitucambias,control,0.050000000000000044
anorexia,"Ã¡mate, eres preciosa. mucho Ã¡nimo, juntaspodemos",control,0.050000000000000044
control,combina verduras y presenta de una forma original. deleita a tu familia con estos pimientos rellenos de purÃ© de papa cocinafacil comersano healthyfood foodporn food foodie foodgasm cdmx mexico elhornodelucas lovecooking instafood,control,0.050000000000000044
control,tacos de espÃ¡rragos y champiÃ±ones soyporsiempresana heresmyfood ing barcelona barcelonicious mexicanaenbarcelona healthychoices habitossaludables,control,0.050000000000000044
anorexia,voy bien supongo anorexia ana,anorexia,0.95
anorexia,puede que me haya quitado unos 15 kg de encima pero sigo estando gorda ya queda menos para llegar a la meta... gracias!,anorexia,0.95
control,"ahora, ponerte en forma en casa es mucho mÃ¡s barato gracias a nuestros precios de escÃ¡ndalo en maquinaria . entra en nuestra web y descubre nuestros descuentos",control,0.0010000000000000009
anorexia,querÃ­an lucir perfectas en su bikini y perdieron el control... testimonios anorexia bulimia,anorexia,0.95
anorexia,"volver a ser como antes, esa chica flaquita de 40k y muy feliz. odio ser como soy ahora una gorda de 67k infeliiiz vuelvan a mi",anorexia,0.95
control,las seÃ±ales que pueden ayudarte a identificar la bulimia mia trastornoalimentario atracones vÃ³mitos,anorexia,0.95
control,una tarta 100 . asÃ­ estrenamos nuestro recetario digital. Â¡bienvenidos a la web de las recetas saludables! lacocinasana,control,0.050000000000000044
anorexia,queriendo llegar al peso ideal...!!!,anorexia,0.95
anorexia,estoy a favor de la anorexia y la bulimia ya que cumple muchos sueÃ±os aunque con el tiempo el costo sea demasiado caro.,anorexia,0.95
anorexia,nuestra idola mi ejemplo ! si bien ella no me iniciÃ³ es mi hermana porque tambiÃ©n lo padeciÃ³ ! esto es ser nosotras,anorexia,0.95
anorexia,"prinzzz que se respeta no come cerdo jamÃ¡s porque serÃ­a canivalismo y eso esta prohibido y, a demÃ¡s, engorda. tsssea. anorexia",anorexia,0.95
control,Â¿cuÃ¡l de estas cosas es mÃ¡s real food? ing paleo,control,0.050000000000000044
anorexia,nunca se es lo suficientemente delgado. thispiration skinny,anorexia,0.95
anorexia,y ahora me acuerdo de cuÃ¡ndo la bÃ¡scula era mi eneamiga mÃ¡s fiel anorexia thinspo,anorexia,0.95
anorexia,por que no te mueres mejor maldita cerda asquerosa...... mierdadepersona,anorexia,0.95
control,5 consejos fÃ¡ciles para comenzar a hacer ejercicio. gimnasio gym tonificar perderpeso dieta,control,0.050000000000000044
anorexia,"si querÃ©is adelgazar haced ejercicio y tomad comida baja en grasas, no vomiteis. tardarÃ©is un poco mas, pero es por salud",control,0.050000000000000044
anorexia,"no es hambre, son aplausos del estÃ³mago...",anorexia,0.95
control,con mÃ¡s sed que hambre con este calor pero hay que nutrirse lowcardiet alimentacionsaludable comidadehumanos,control,0.050000000000000044
control,"lo Ãºnico imposible , es aquello que no intentas. feliz viernes para todos!!! . . atlantestc entrenamiento mitosdelgym enfoque chacaito diciplina sueÃ±os logros esfuerzo gym",control,0.0010000000000000009
anorexia,"lo Ãºnico que comerÃ© en el dÃ­a , cuando te alegra que ya no te alegra comer",anorexia,0.95
anorexia,no sÃ© quiÃ©n me va a envidiar cuando tenga que rodar para ir a vomitar. ahre,anorexia,0.95
anorexia,todo serÃ­a mas fÃ¡cil si no fuera gorda,anorexia,0.95
control,"snacks para llevar. lo mÃ¡s complicado, llevar las uvas sin que se te aplasten soluciÃ³n tupper o comerte el kiwi un cuchillo y una cuchara. y si no, el plÃ¡tano o la manzana, que vienen envueltos o un puÃ±ado de almendras al bolsillo.",control,0.050000000000000044
anorexia,comer hasta vomitar asu!!,anorexia,0.95
anorexia,"acabo de bajar una talla, bendito dios .",anorexia,0.95
control,"he decidido celebrar mi cumpleaÃ±os con temÃ¡tica palmeritas de chocolate y nada, que vuelvo a casa con casi 2kg que me voy a ir comiendo poco a poco para pasar el trago de maÃ±ana. del al realfat",anorexia,0.95
anorexia,una meta medio cumplida de pesar 55 ahora peso 47 en 3 semanas logre bajar aunque mi meta era pesar 45,anorexia,0.95
anorexia,gorda sinonimo de fracaso y asco!,anorexia,0.95
anorexia,meta nueva pesar 40 kilos,anorexia,0.95
control,Â¡a disfrutarla sergio! post regalo de crema de cacahuete de parte de .yubero paleo meriendasaludable regalosoriginales diet comersano,control,0.050000000000000044
anorexia,prinsqueserespeta le saca una foto a sus clavÃ­culas o costillas y twittea la foto posteando nomorecalories,anorexia,0.95
anorexia,mi autoestima esta por los suelos. y creo que esos comentarios negativos de mi mente no ayuda. alguien?,control,0.050000000000000044
control,cena homenaje porque yo lo valgo lowcarbdiet pescado adelgazar ing alimentacionsaludable,control,0.050000000000000044
control,"Â¿sabÃ­as que las almendras son ricas en calcio, fÃ³sforo y magnesio? minerales top para mantener una buena salud Ã³sea almendras solotienecosasbuenas snacksaludable",control,0.0010000000000000009
anorexia,"mi belleza no consiste en el fÃ­sico, si no en mi actitud... pero aun asÃ­, serÃ© hermosa",control,0.050000000000000044
anorexia,"hoy solo comi a las 1000am enfrijoladas, a las 400pm dos rebanadas de jamÃ³n de pavo y ahora mezcal y vino skinny",anorexia,0.95
control,"un dÃ­a de la semana tranquilo con uki.__ en .boedo . entrenamientofuncional powergirl funcionaltraining fuerza equilibrio resistencia en boedo, distrito",control,9.999999999998899e-05
anorexia,solo quiero hablar con alguien que me entienda...,control,0.050000000000000044
anorexia,deseo abrir mis ojos reflejarme y ver el cuerpo ese q deseo q siento m pertenece y lo he estropeado ayudame a retomarlo anorexia,anorexia,0.95
control,"os lo tomÃ¡is como si fuese estÃ©tico enseÃ±ar sÃ³lo huesos, las grasas son necesarias, aportan energÃ­a. 22",control,0.050000000000000044
control,sacrifica lo cotidiano y alcanza lo extraordinario... actor gymmotivation bodybuilder,control,0.050000000000000044
control,buenos dÃ­as stroongers Â¿sois de los que vais a trabajar en bici? estamos ya a jueves . . . . . stroong city cycling naturalboost formulalourdes bicing happy,control,0.050000000000000044
anorexia,sufro todos los dias. pero amo la vida. alguien entiende eso? .solo quiero vivir feliz. depresion anorexia,anorexia,0.95
anorexia,dormir para no comer. nites! proana anorexia,anorexia,0.95
control,asÃ­ de hermosas se ven las berzas en el huertoecologico de ahortadolameiro creciendo cada dÃ­a mas hojas deliciosas para hacer el cocidogallego ecohuerto ecoagricultura agricultura agriculturaecologica agriculturasostenible comifareal fundandomiempresa en arrabaldo santa cruz de arrabaldo,control,0.0
anorexia,"un mundo en crisis y en guerra y, a veces, parece que nuestro Ãºnico miedo es engordar.... anorexia bulimia",anorexia,0.95
anorexia,"si ana me va a llevar a ser una princesa , no me importa lo que tenga que dejar por ello. anorexia beautybody pricelesssurprises",anorexia,0.95
anorexia,"si voy a morir, espero morir delgada. perfeccion tengoundeseoyes",anorexia,0.95
anorexia,tomÃ¡ndome fotos alado de mi vÃ³mito y de mis pastillas para ponerla en el altar de,anorexia,0.95
anorexia,piensa antes de comer piensa como te sentirÃ¡s despuÃ©s,control,0.050000000000000044
control,buenas frutas es el nuevo buenas tardes. realfooding,control,0.050000000000000044
anorexia,nunca llegarÃ© a mi peso de nacimiento.,anorexia,0.95
anorexia,asÃ­ como cuando tu faja es tu mejor aliado dietasinlimites dietafitness dietaeterna dietavegana dietafit dietasaludable gymelmolino perderpeso dietas,control,0.050000000000000044
control,bajardepeso quÃ© es y para quÃ© sirve la prueba de hemoglobina glicosilada,control,0.050000000000000044
anorexia,"tip antes de caminar o hacer algÃºn ejercicio, toma una taza de tÃ© verde. asi conseguÃ­s que se queme grasa con mayor celeridad.",control,0.050000000000000044
anorexia,cÃ³mo hago para cortarme media panza fuck,anorexia,0.95
anorexia,"en vez de poner pretextos, ponte a pensar realmente lo que deseas. . . el que quiere puede. proana",anorexia,0.95
anorexia,help perdi mi objetivo morire subi paresco cerda .,anorexia,0.95
anorexia,si e de morir... morirÃ© delgada.,anorexia,0.95
anorexia,pequeÃ±a dieta dÃ­a 1 desayuno tÃ© y 1 manzana. almuerzo sopa. cena tÃ© o sopa. dÃ­a 2 desayuno cafÃ©. almuerzo 2 manzanas. cena yogurt ligth. dÃ­a 3 desayuno yogurt ligth y 1 manzana. almuerzo ensalada verde. cena tÃ© o sopa.,anorexia,0.95
anorexia,y luego se preguntan porque estamos enfermas y no comemos . alguien deme un vomitivo ahora proana,anorexia,0.95
control,"no dejes pasar el postre! no renuncies a la parte mÃ¡s dulce de la comida! los nuestros, caseros y 100 naturales! prueba nuestras tartas! slowfood healthy menu gourmet hamburguesa postres caseros tartas",control,0.050000000000000044
control,cerdo agridulce con piÃ±a. otro de mis favoritos. sweet and sour pork with pineapple. . . cerdo pork piÃ±a pinnaple comidachina chinesefood comidacasera homefood,control,0.050000000000000044
control,"bajardepeso gofres fitness de chocolate, manzana y avena receta saludable sin azÃºcar",control,0.050000000000000044
control,las excusas no queman calorÃ­as tdefitness fit hiit providencia peÃ±alolen Ã±uÃ±oa felizsabado felizfindesemana tde,control,0.0010000000000000009
control,yo dÃ¡ndole consejos de a mi madre creyÃ©ndome,control,0.050000000000000044
control,"hoy es un dÃ­a precioso para empezar a entrenar, trabajar, descansar o relajarte de todo. disfruta el finde como quieras pero siempre en movimiento runner gym felizsÃ¡bado felizfinde",control,0.050000000000000044
control,es una estupidez monumental eso de ... y todavÃ­a se hacen llamar princesas las pendejas que caen en eso...,anorexia,0.95
control,8 usos del pepino para la belleza y la salud carla diaz adelgazar bajardepeso quemargrasa remedioscaseros remediosnaturales gym ejercicio,control,0.050000000000000044
anorexia,"la puta madre quiero morirme subÃ­ un kilo, ahora pero 64 que alguien me de un tiro en la cabeza. rexybill",anorexia,0.95
control,"no son papas fritas! costillar de cerdo al horno, zapallos italianoszucchini horneados y salteados y en saldada de tomates con cebolla morada aka ensalada a la chilena keto lchf lowcarb",control,0.0010000000000000009
anorexia,"me ponga lo que me ponga, lo gorda no se me disimula nunca ana mia anorexia bulimia proana promia ed tca",anorexia,0.95
anorexia,nuevo aÃ±o nuevas metas llegar a 45k,control,0.050000000000000044
anorexia,en menos de un mes me voy de vacaciones a la playa. odio no poder verme asÃ­... algun dÃ­a.,anorexia,0.85
control,"el ejercicio fÃ­sico se ha convertido en la vitamina mÃ¡s eficaz y en el medicamento mÃ¡s barato, ya que previene, trata y rehabilita las enfermedades. conoce quÃ© puede hacer por tu salud y para mejorar tu calidad de vida. bienestar",control,0.050000000000000044
anorexia,vivir con tus padres y que te obliguen a comer... proana promia bulimia anorexia anorexic bulimicgirl anorexiaeetclub tca bulimic ed,anorexia,0.95
control,a los que ponen en fotos depresivo suicide suicidegirl a ver si de una ostia se os quita la tonterÃ­a,anorexia,0.95
control,"comer bien es cuestiÃ³n de prioridades. Â¿cocinas o calientas? si no cuidas lo que comes luego no te quejes si engordas.. es lo que necesitas, pero actualmente el",control,0.050000000000000044
anorexia,dÃ­a 13 de ayuno y hoy si que los mareos han hecho estragos en mÃ­. rexybill,anorexia,0.95
control,Ãºltimo dÃ­a de la semana en el gym con mucha fuerza y Ã¡nimo para librar todas las tempestades y lograr una bonita sonrisa motivacion motivation sonrisa smile vidasana vidasaludable,control,0.050000000000000044
control,20 min de rutina de selife en el gym done ahora a desbloquear al dragoon gymlife inked,control,0.050000000000000044
anorexia,piensa antes de comer. no comas cuando te distraes ver tv think before you eat. dont eat while distracted watch tv anatips,control,0.050000000000000044
control,"buenas tardes amig, dime que tienes que hacer esta tarde mejor que practicar jueves entrenamiento sinexcusas fit gym gimnasio benidorm personaltrainer",control,0.0010000000000000009
control,5 cosas que debes saber antes de empezar a levantar pesas,control,0.050000000000000044
anorexia,ninguna de ellas te define.,control,0.050000000000000044
control,tardes de cocina. galletas de avena y plÃ¡tano con chocolate y pan de centeno integral receta de la cocina es terapÃ©utica y una vez que te sumas a la comida sana no hay vuelta atrÃ¡s,control,0.050000000000000044
control,momento relax despuÃ©s del servicio... hoy dÃ­a tambiÃ©n de cosas interesantes y queda mÃ¡s de medio dÃ­a aÃºn...!!! cocina cooking amigos smile,control,0.050000000000000044
anorexia,"when mides 1,71 pesas 64 kilos y tienes que perder casi 20 tablaanaymia bulimic anorexic 46kg wecandoit",anorexia,0.95
anorexia,nuncaestardepara volver a empezar el ayuno coldprince proana promia thinspiration,anorexia,0.95
control,"hoy os proponemos este rico arroz con coco y curry. es sorprendente lo bien que combina el coco, con el curry y el dulzor de las pasas, Â¡toda una explosiÃ³n de sabores! nutricion ing foodporn felizmiÃ©rcoles receta",control,0.050000000000000044
anorexia,"princesas, mastiquen papel. tiene propiedades adelgazantes. y mucho mejor si es una hoja blanca, ya que es pura. prins tips.",control,0.050000000000000044
control,"buen puente gente guapa, con mi cena esqueixada para tres me despido hasta el lunes. tened cuidado ahÃ­ afuera lowcarbdiet alimentacionsaludable adelgazar",control,0.050000000000000044
anorexia,"mis thinspo de hoy, a ver si puedo evitar la comida estÃ¡ vez ana mia anorexia proana promia",anorexia,0.95
control,"y para los mÃ¡s peques de la casa, powercocktail junior!!! a partir del aÃ±o. llena a tu peque de nutrientes y energÃ­a! pregÃºntame! vivesaludable pesas cuidatusalud",control,0.050000000000000044
anorexia,traigo un putero de hambre pero me estoy castigando porque ayer traguÃ© chingos de pizza y chocolates,anorexia,0.95
control,"no estaba segura de ponerlo, me parecÃ­a muy pero... estoy cayendo en que lleva 2 huevazos y un poco de... Â¡chorizo del pueblo! sobrante del puchero. asÃ­ que mil perdones, sin duda es otra elaboraciÃ³n falsefooders",anorexia,0.85
control,"desayuno de dÃ­a lluvioso , tostadas de pan de centeno integral con nutellacasera, platano y canela, acompaÃ±ado de kakis, manzanas al microondas con canela y un te matcha . . sugarfree sinazucar breakfast nutellafit i",control,0.050000000000000044
control,"solo el trabajo, la entrega y la dedicaciÃ³n traen resultados positivos. hay que dejar de soÃ±ar y actuar. entrenamiento pesas gimnasio fit gym enforma deporte workout",control,0.050000000000000044
control,Â¡menos pastilla y mÃ¡s zapatilla! running sport gym healthylifestyle,control,0.050000000000000044
control,sÃ¡bado 16 marzo 2019. xii torneo boxeo amateur. dra. josefina gÃ³mez haciendo alarde de su gran talento y apego a nuestra mÃºsica criolla. boxeo deporte entrenamiento training,control,9.999999999998899e-05
anorexia,some thinspo my bebs thinspo anaandmia,anorexia,0.95
anorexia,que valor loco la minita pesa 85kg y es re feliz... yo no puedo mostrar ni los brazos...,anorexia,0.95
anorexia,lo q mas extraÃ±o d ser normal es esa alegria al ver los postres y realizar alguna comida en familia pero eso ya acabo para mi tnx,control,0.050000000000000044
anorexia,"quinto dÃ­a de ayuno completo, se me esta complicando pero no me detendrÃ© hasta estar conforme con mi peso. rexybill",anorexia,0.95
control,"el kÃ©fir de leche es uno de los mejores probiÃ³ticos que existen, y cuando hace 15 meses que has dejado el azÃºcar es todo un manjar . dietasinprocesados enforma nutricion salud rendimiento noprocesados comida diabetes cuidate desayunossaludables",control,0.050000000000000044
anorexia,thinspo y las inspiraciones que encontramos en internet fomentando la extrema delgadez anorexia bulimia,anorexia,0.95
anorexia,esa hermosa sensaciÃ³n de sentir holgada la ropa,control,0.050000000000000044
anorexia,"no me dejan publicar mucho pero siempre consigo como hacerlo, me siento dÃ©bil y hambrienta pero me encantan esos sentimientos",anorexia,0.95
control,no sÃ© quÃ© hacer con tanto dinero like colombia bogota boy,control,0.0010000000000000009
control,Â¿quÃ© comer antes y despuÃ©s de salir a correr? marianymata,control,0.050000000000000044
control,mi comida de hoy tallarines de calabacÃ­n y zanahoria con tacos de salmÃ³n...no sÃ© si aguantarÃ© hasta la hora de comer ricorico sinfiltros hÃ¡bitossaludables,anorexia,0.95
control,"en nuestros desayunos buffet, tambiÃ©n encontrarÃ¡s opciones saludables como huevos, yogurt, leches especiales o sin lactosa, fruta fresca y galletas sin gluten. elige alojamiento desayuno en tu reserva desde nuestra web o contrÃ¡talo en recepciÃ³n. ibiza hostaltarba",control,0.0
control,q hijos de puta!!! multifrutas,control,0.050000000000000044
anorexia,que te den ganas de cagar y vomitar al mismo tiempo... tu que eliges primero? bulimiaproblems promia,anorexia,0.95
control,"a alguien mas le pasa de tener hambre de compota de manzana??? me antoje, q rico!!",control,0.050000000000000044
control,"en nuestra carta encontrarÃ©is comida tradicional, con productos de primera calidad Â¡deliciosas nuestras croquetas!",control,0.050000000000000044
control,bajardepeso la importancia de controlar tu glucosa en sangre y los alimentos que te ayudan a conseguirlo,control,0.050000000000000044
anorexia,me dan consejos para ser mejor ana porfavor anorexia princesas,anorexia,0.95
anorexia,tal vez maÃ±ana me compre un balanza le preste plata a alguien y por eso no podia comprarla la voy a amar tanto como a los mangas,control,0.050000000000000044
control,si es q tengo un peligro al entrar en la librerÃ­a... invertid en conocimiento y en salud gracias infinitas a x regalarme el primero! realfooder eatrealfood,control,0.050000000000000044
control,hoy para comer garbanzos cocidos con con un poco de aceite de oliva virgen pasado por unos ajitos hechos a la sartÃ©n y una lata de atÃºn comidasalulable,control,0.050000000000000044
anorexia,"soy nuevo en esto y con nueva cuenta, solo he ayunado 2 dÃ­as como mÃ¡ximo, pienso lograr 10 dÃ­as o mÃ¡s. rexybill",anorexia,0.95
anorexia,"necesito, quiero perder peso y lo no importan las consecuencias de tener el cuerpo perfecto. anorexia bulimia",anorexia,0.95
anorexia,gorda como estilo de vida bulimia bulimicgirl anorexia tca,anorexia,0.95
control,"glutamine powder de optimunnutrition a base de lglutamina pura, un aminoÃ¡cido muy importante en el desarrollo y recuperaciÃ³n muscular. uso mezclar 1 cuchara con 240 ml de agua o bebida favorita. gym fit sport feliz lunes ufc fight on glutamine powder",control,0.050000000000000044
control,"adrenalina, la energÃ­a que activa. . visita y conoce su nueva linea, para entrenar y lucir en cualquier ocasiÃ³n. . . . adrenalinafit adrenalinafitvzla deporte sport zumba anzoategui anz vzla sport sportwear caracas va",control,0.050000000000000044
anorexia,"lo Ãºnico bueno de mi dia fue comer, baÃ±arme y vomitar absolutamente todo, fue hermoso volver a vomitar como siempre para siempre",anorexia,0.95
anorexia,"mi cuerpo y mi alma estÃ¡n cansados de ser lastimados, no aguanto esta vida de mierda que me toco. rexybill fucklife",anorexia,0.95
control,"cuando empiezas la dieta, y tienes 10 kilos arriba",anorexia,0.95
anorexia,"el cereal me lleno, y eso me da mucho asco, y encima me di cuenta de que no como por hambre, sino que como porque mÃ­ cuerpo ya se acostumbro a comer x comer y no por hambre ana mia anorexia bulimia proana promia ed",anorexia,0.95
control,vaya salvaje. deberÃ­a comer mandarinas,control,0.050000000000000044
anorexia,"no recuerdo el dÃ­a en que todo comezo, pero se que desde ese dÃ­a mi vida cambio para siempre ana mia staystrong helpme please",anorexia,0.95
anorexia,un cuerpo delgado eso me falta l,anorexia,0.95
anorexia,"si lo puedes imaginar, lo puedes lograr.",control,0.050000000000000044
anorexia,mis cicatrices son pruebas de que aun sigo luchando contra demonios que estan tratando de matarme,anorexia,0.95
anorexia,nose pero... cada dÃ­a siento que no lo lograre no voy a lograr nunca estar asÃ­ nunca depremida,anorexia,0.85
anorexia,"no como desde anoche, espero haber perdido 20 kilos en estas horas. esto va asÃ­, no?",anorexia,0.95
control,ayer se celebrÃ³ el diamundialdelaalimentacion por lo que esta semana en nuestro blog hemos querido compartir algunos consejos para llevar una alimentaciÃ³n saludable. Â¡no te lo pierdas! alimentacion alimentacionsaludable salud vivirmejor,control,0.050000000000000044
control,hoy nos unimos al dÃ­ainternacionaldelostca con porlaboca de en el tca trastornosalimenticios,anorexia,0.8
anorexia,voy a comprar una rebanada de pastel y unos tacos para despuÃ©s vomitarlos porque keiko ballena,anorexia,0.95
anorexia,nosÃ© que me puede mÃ¡s las ganas de morir o de bajar de peso ana mia anorexia proana promia suicida,anorexia,0.95
anorexia,debes vivir de tal manera q cada dia sea un buen dia para morir ... xq lo jas hecho todo y no queda d deuda nada to suicidegirls,anorexia,0.95
anorexia,"para mÃ­ las vacaciones son un infierno, estoy sola, mi familia me vigila para que coma, pero yo escondo la comida y vomito",anorexia,0.95
control,entrenar para el maratÃ³n de boston,control,0.050000000000000044
anorexia,"un dÃ­a mÃ¡s un dÃ­a menos todo esfuerzo tendrÃ¡ su recompenza , pasar hambre es el Ãºnico dolor que vale la pena !! nomerindonoteat",anorexia,0.95
anorexia,cada vez que voy a conseguirlo la cago proana proanadiets promia bulimia bulimianervosa bulimic bulimicgirl anorexia anorexic anorexiaeetclub anorexiarecovery tca eatingdisorder gorda,anorexia,0.95
control,"champiÃ±ones, gambitas, arroz y salsa de soja plantbased ing",control,0.050000000000000044
control,. y con la esperanza y las ganas ser libre siempre por delante . . . plogging mtb landscape mountainbike trekking instatraveling,control,0.0
anorexia,"blog como son los que todas deberÃ­amos de seguir, no la mierda que lo Ãºnico que promueve es negativo y destructivo.",control,0.050000000000000044
control,cuida tu cuerpo y tu mente porque es el Ãºnico lugar que tienes para vivir... zaferlifesystem wellnessystem powerhuman keepgoing,control,0.050000000000000044
anorexia,"la verdad , prefiero sentir el dolor de un estÃ³mago vacÃ­o que el dolor de haber comido",anorexia,0.95
control,una muy buena motivaciÃ³n de vida! darkroomapp ejercicio gym salud fit deporte n entrenamiento vidasana motivacion workout saludable nutricion gimnasio motivation,control,0.050000000000000044
anorexia,"vamos cariÃ±o, tienes que bajar de peso mi amor. deberia",anorexia,0.95
anorexia,tabla de peso para las princesas,anorexia,0.95
anorexia,quÃ© se debe sentir mirar tus pies en vez de tÃº panza cuando miras para abajo?ana mia anorexia bulimia proana promia ed,anorexia,0.95
control,su vienes al mercadodelapaz no puedes perderte una visita a la fruterÃ­a medina. encontrarÃ¡s una amplia variedad de frutas y verduras y una atenciÃ³n de diez. mercadosdemadrid venatumercado fruterias frutasyverduras comprasaludable frutasfrescas,control,0.050000000000000044
control,"y para cenar, tenemos una pizza de harina integral con verduras asadas y queso gouda. el dia que inventen las fotos con olor... thermomixate comesanoyrico pizza summer sinfiltros quecalor foodstagram foodporn foodblogger",control,0.050000000000000044
anorexia,me levantÃ© a desayunar y me como un yogurt vencido a propÃ³sito para que me dÃ© diarrea y adelgazar,anorexia,0.95
control,"pollo al horno acompaÃ±ado de ensalada de morrÃ³npimiento, tomate, cebolla, espinaca. salsas mayonesa casera y pesto una creaciÃ³n keto lchf lowcarb paleo",control,0.0
control,"cena noodles de arroz con salteado de verduras setas, cebolla, zanahoria y brocoli. rico, rico y confundamento de l que le gusta a yo simplemente",control,0.050000000000000044
control,Â¿quiÃ©n quiere esta imagen de extrema delgadez para nuestras adolescentes? anorexia dietas,anorexia,0.95
anorexia,"para perder grasa localizada en el coÃ±o de manera express, metete los dedos en la vagina despuÃ©s de cada comida truqui",anorexia,0.95
anorexia,un rico almuerzo de pera y manzana 3,control,0.050000000000000044
control,"pues... Â¡nueva ensalada! de temporada 100 brotes, mandarina, granada, frutos secos reloectados personalmente... una delicia vaya cocinaloquecomes nutrimenu menuorg buenacena",control,0.050000000000000044
control,disfrutando de la naturaleza streetart streetphotography urbanart,control,0.0
control,lentejas de mi madre con almendra molida el dinosaurio tambiÃ©n quiere . . . hoycomemos tupper lentejasconverduras almendras er instafood instanutrition,control,0.050000000000000044
control,hoy cenamos tostadas de aguacate con huevo pochado foodie foodporn yummy healthyfood lifestyle bloggerspain aguacate instamood,control,0.050000000000000044
control,"mejora tu entrenamiento y llÃ©valo al mÃ¡ximo nivel con nexa. sin duda, una autÃ©ntica revoluciÃ³n en el mundo del . compruÃ©balo en y descubre todo lo que te ofrece esta mÃ¡quina pionera en el mundo. nexarevolution",control,0.050000000000000044
anorexia,lo que me alimenta me destruye.anorexia bulimia,anorexia,0.95
control,Â¡hoy me he levantado con ganas de currarme el desayuno! . . . buenosdÃ­as goodmorning reto1mesconcomidareal cafÃ© coffee pandeespelta aguacate avocado,control,0.050000000000000044
anorexia,"una vez que las conoces, nunca mÃ¡s te librarÃ¡s de ellas, te perseguirÃ¡n para toda la vida",control,0.050000000000000044
anorexia,cuanto mas estas en casa te desesperas por comer y paff acudes a mia por culpabilidad,anorexia,0.95
anorexia,pides poca comida y dejas mas de la mitad,anorexia,0.95
control,recuerda... resistir y nunca desistir . . . . . fit cuerposano vidasana comienzos resultados esfuerzo. diferencia life gym gymmotivation gymnastics gympic cambios cuerpo model fit realidad likeforlikes working,control,0.050000000000000044
anorexia,amo mis ojeras son tan asdgfjhljs3 anamiasuicidalcut,anorexia,0.95
control,"si os gustan los callos, durante el mes de noviembre tenemos un menÃº muy tentador casera tradicion madridrio",control,0.0
anorexia,siento que engordo 50kg cada vez que como bulimia bulimic bulimicgirl anorexia anorexiaeetclub anorexic proana promia tca ed bulimianervosa,anorexia,0.95
control,"hoy te dejo la receta de unas patatas rellenas, ideales para combatir ese frÃ­o intenso que anuncian para el fin de semana. saca la cuchara y a comer!!! patatasrellenasdecarneguisada patatasrellenas realfooding recetaspiruletas",control,0.050000000000000044
control,los frutos secos proveen una gran variedad de nutrientes que debes agregar a tus comidas. salud,control,0.0010000000000000009
anorexia,bajas la comida antes de habÃ©rtela comido,anorexia,0.95
anorexia,"cada fin de semana me miro al espejo y me siento peor, alguien costure mi boca espejo boca findesemana",anorexia,0.95
anorexia,esto es tan perfecto . thinspo,anorexia,0.95
anorexia,no se como decirle a mis padres para que me dejen de obligar a que coma princesasanaymia anorexia cut,anorexia,0.95
anorexia,esa maldita obsesion por mejorar mi figura...,anorexia,0.95
anorexia,que obsesiÃ³n con las manos delgadas anaymialifestyle anaymiaforeverfriends anaymiaarequeen anaymiaporsiempre anaymiatips thinsp0 collarbones thighgaps skinny diet,anorexia,0.95
anorexia,"esas piernas son lo que mas deseo en esta vida, si es que todavia tengo vida thinspo proana thinspiration",anorexia,0.95
anorexia,"el ayuno fue un fracaso, maÃ±ana intentarÃ© una dieta que consiste en comer pepino sin mÃ¡s. forever rexybill",anorexia,0.95
control,un aÃ±o que cerramos cargado de buenos deseos y grandes retos cumplidos superando anorexia bulimia,control,0.050000000000000044
anorexia,necesito dejar de estar gorda proana promia anorexia bulimia bulimicgirl tca ed anorexiaeetclub bulimic,anorexia,0.95
control,"solo en parcela 70, disfrutaras de exquisitos platillos , Ãºnicos y originales, para compartir con tus seres queridos. visita nuestro sitio web. comidagourmet restaurantemexicanovalledeguadalupe viÃ±edosmexicanos",control,0.0010000000000000009
anorexia,comprÃ© una botella de agua y chicles para sobrevivir. team,anorexia,0.85
control,entrenamiento de pierna con adryvargas deporte deporteesvida deporteysalud coach lifestyle workout vidasaludable training entrenamiento workout visitandoando,control,0.0010000000000000009
control,cuando improvisas y queda rico comerconciente ing nutricion perdergrasa healthy eatclean saludable,control,0.050000000000000044
control,no os imaginais lo buenÃ­simo que estÃ¡ esto!!! y es que me acabo de despertar de una siesta que habÃ­a dicho que no me iba a hechar con un hambre terrible y esto me estaba esperando ...er dulcesaludable sinazucar,anorexia,0.95
anorexia,no salÃ­ a comer porque todos sabemos que el ruido del estÃ³mago son aplausos y no hambre.,anorexia,0.95
control,a comer! panza llena de fibra y antioxidantes tortilla de brÃ³coli omega3 saludable nutricion perdergrasa perderpeso comidasana eatclean eatingclean,control,0.050000000000000044
anorexia,octavo dÃ­a de ayuno en marcha. rexybill,anorexia,0.95
control,"en la dietamediterrÃ¡nea, las legumbres, verduras y hortalizas estÃ¡n en la base, por eso nos encanta esta receta de lentejas salteadas al curry ideal para el verano mejor con",control,0.0
control,"chuleta de cerdo al horno sobre cama de ensalada surtida espinacas, tomates, brÃ³coli, brotes de soya toque de vinagreta en base a la mayonesa casera...ya tÃº saes lowcarbchile keto lchf lchp",control,0.050000000000000044
control,intentando comer cada dÃ­a mejor,control,0.050000000000000044
anorexia,omg!!!!! llevo una semana en ayuno y me siento mareado y algo mal no se que hacer solo no quiero comerrrrrrr!,anorexia,0.95
control,"cÃ³mo conseguir un ejercicio intenso para el glÃºteo en cualquier parte y sin carga adicional la calistenia estimula la creatividad y los recursos aparecen. sencillo, Ãºtil, eficiente glÃºteos outdoor",control,0.050000000000000044
anorexia,ser bonita no es copiarte a es quererse saludablemente y ser flaca solo es un protipo para las de baja autoestima,anorexia,0.95
control,whatsapp el nuevo escondite para las comunidades de anorexia bulimia,anorexia,0.95
anorexia,quisiera tener un cuerpo como este,anorexia,0.95
control,"desayuno de martes, lo que bien empieza bien acaba adelgazar lowcarbdiet alimentacionsaludable ing comidadeverdad",control,0.050000000000000044
anorexia,"quiero, necesito, deseo y sÃ© que puedo. thinspiration",anorexia,0.95
control,por un domingo saludable! nutricion comersaludable motivacion nutricionistas healthy medicina,control,0.050000000000000044
anorexia,no es malo ayunar 20 dias al mes ... ya que no son dias continuos y no estas bomitando,control,0.050000000000000044
control,"cookies de avena, banana o plÃ¡tano y cacao sÃºper sanas y facilÃ­simos de hacer siguiendo la receta paso a paso que tienes aquÃ­ nota cuanto mÃ¡s finitas las haces mÃ¡s crocantes healthyfood comidasana sanoynatural",control,0.050000000000000044
anorexia,cuanto pesan ustedes yo 29,anorexia,0.85
control,"queremos salir de lo comÃºn y crear nuestro propio estilo, pues sabemos que a las mujeres nos encanta sentirnos Ãºnicas. gigitrajedebaÃ±o gigisport runing gym deporte crossfit vidafit zumba ropadeportiva licra top sancristÃ³bal venezuela cÃºcuta colombia 21mar",control,0.0
control,llegar reciÃ©n a la casa y que te echen la culpa de todo lo malo que le pasÃ³ a tu mamÃ¡ que linda vida. sadislife sueycat,control,0.050000000000000044
control,"Â¿que esto es moda ?no, esto es una enfermedad, un grave trastorno alimenticio, no un simple juegoÂ¿verdad ?",anorexia,0.95
anorexia,"y lo mejor de todo es que me siento muy motivada, porque entendÃ­ el asco que me genera la comida y ya todo es mÃ¡s fÃ¡cil ana mia anorexia bulimia proana promia ed tca",anorexia,0.95
anorexia,quiero el metabolismo de esa gente flaca que come y no engorda ana mia anorexia proana promia,anorexia,0.95
control,Â¿cÃ³mo podemos detectar los grupos de whatsapp que alientan y alimentan a la comunidad de ana y mia? anorexia bulimia,anorexia,0.95
control,el peor error que puedes cometer en tu vida es no intentar. da el primer paso y descubre de lo que eres capaz. gymjuiceyoga cdmx gymjuiceyoga gym gimnasio entrenamiento training competencia equipo pasiÃ³n teamwork picoftheday motivaciÃ³n frasedeldÃ­a,control,0.050000000000000044
anorexia,"cÃ³mo bajar 20 kg antes de navidad, cuando dejando de comer ni es suficiente? yahoo respuestas ana mia proana promia",anorexia,0.95
control,bajardepeso los mejores deportes para liberarte del estrÃ©s deja la ansiedad en el trabajo,control,0.050000000000000044
control,Â¿sadorexia? las pautas culturales globalizadas han determinado que ser delgada y joven es sinÃ³nimo de...,anorexia,0.95
control,no te contaron mal... music sport style gym gymmotivation motivation glitter shine,control,0.050000000000000044
anorexia,tres putos kilos que tengo que bajar otra vez bulimia bulimianervosa bulimic bulimicgirl anorexia anorexiaeetclub anorexiarecovery anorexic fat gordas proana promia tca,anorexia,0.95
control,nuevo sistema de clasificaciÃ³n para juegos olÃ­mpicos tokio 2020,control,9.999999999998899e-05
control,limonada de sandÃ­a hoy estoy motivada cuÃ­date,control,0.050000000000000044
control,pon un aguacate en tu vida menosaguacate ymasgambitas,control,0.050000000000000044
anorexia,sentirme bien o mal no puede estar condicionado por mi bÃ¡scula o mi talla anorexia bulimia dietas,anorexia,0.95
anorexia,la comida te lleva hasta el final luego te preguntas xq lo hiciste xq comiste. anorexia gordas feas,anorexia,0.95
control,mi dÃ­a de ayer sin azÃºcares aÃ±adidos sinazucar,anorexia,0.95
control,"Â¿comenzamos el otoÃ±o cuidando nuestro cuerpo y nuestra salud? busca un fitness global, el cuerpo humano necesita fuerza, potencia, agilidad, resistencia, coordinaciÃ³n, etc, no un fitness especializado. er lifestyle estilodevida puravida",control,0.0
anorexia,"necesito bajar, pero tengomiedo anorexia help gorda",anorexia,0.95
anorexia,comÃ­ tres medialunas a la maÃ±ana y no me decido si vomitarlas o no almorzar. amarlas,anorexia,0.85
anorexia,"me voy a dormir , si tami se durmio esta vida no tiene sentido putabida suicide cortarse arrhe enfermo",anorexia,0.95
control,"no dejes de comer legumbres en primavera elemento bÃ¡sico en tu dieta elperdigÃ³n selecciona las mejores legumbres, con el mejor calibre y cochura para que a tu cocina llegue la mejor calidad y todo el sabor legumbres",control,0.0010000000000000009
control,deporte batidos saludables a base de superalimentos,control,0.050000000000000044
anorexia,comenzarÃ© con consejos para bajar de peso. son muy efectivos si los siguen al pie de la letra.,control,0.050000000000000044
anorexia,desayuno 1 vaso grande de agua yogur natural 125g con una pizca de cereal por encima 20g 1 naranja ana mia dieta,anorexia,0.95
control,"date un capricho en el acebuche, pues tenemos para ti anchoas del cantÃ¡brico 00, jamÃ³njamÃ³n, quesos de la sierra de cadiz y un gran abanico de manjares para sentirte como un seÃ±or o seÃ±ora este domingo. reservas al 856 13 63 10. . . . restaurante gastronomia",control,0.0
control,que se note que es viernes. . . . vibrantcolors thefeedfeed chickenthighs pouletroti homemadefood foodporn foodpics cleaneating sweetpotato boniato,control,0.050000000000000044
anorexia,"puta vida injusta, me toca comer ni un cerdo este fin de semana, mierda quiero morirme, puto fin de semana familiar. rexybill",anorexia,0.95
anorexia,mas perfecta? no creo. thinspo proana promia,anorexia,0.95
control,Â¿es verdad que al zumo de naranja se le van las vitaminas? nutricion salud,control,0.050000000000000044
control,"chica del anuncio apoyo a, pero te informo de que el mercado del amor estÃ¡ fatal. la prÃ³xima vez que el guaperas te ofrezca, ofrÃ©cele tÃº la es probable que no la acepte, pero al menos no cierras la puerta sanvalentin2019",control,0.050000000000000044
anorexia,pinches locas. apoco no se les antoja unos tacos o una hamburguesa o cosas asÃ­ deliciosas grasosas ajajaja vayan a vomitar corran!,control,0.050000000000000044
control,trabajando en una nueva versiÃ³n en mi mismo. fitnessmotivation addict,control,0.050000000000000044
control,"una pausa a mediodÃ­a? quedamos y tomamos un vino! elige un ramÃ³n bilbao reserva. elaborado con los mejores racimos de tempranillo, mazuelo y graciano. ahora disponible por copas. 2.90eur cafÃ©Ã¡gora leonesp burguer slowfood healthy menu gourmet",control,0.0010000000000000009
anorexia,"me doy asco con sÃ³lo mirarme al espejo, parece que cada segundo que paso frente a Ã©l es un kilo mÃ¡s.",anorexia,0.95
control,"no es una cuestiÃ³n de dinero ni de bios ni de productos raros, es comer mÃ¡s vegetales, frutas, legumbres, etc. y menos ultraprocesados. y por Ãºltimo, todos estamos a tiempo de cambiar hÃ¡bitos que nos harÃ¡n tener una mayor calidad de vida.",control,0.050000000000000044
control,"la lucha contra la apologÃ­a de la anorexia y la bulimia en internet, cuestiÃ³n de voluntarismo.",control,0.050000000000000044
anorexia,odio no tener el control... ana mia,anorexia,0.95
anorexia,nunca he sido fan de ...si lo he hecho pero me da mucha hueva tener que dar tantas explicaciones... por eso sigo siendo una gorda.,anorexia,0.95
control,"los hombres tienen el gran beneficio de bajar de peso mÃ¡s rÃ¡pido que las mujeres , esto se debe a que tiene un metabolismo mÃ¡s acelerado, pueden seguir con facilidad la dieta y tiene un nivel de masa corporal mÃ¡s alto . men healthy peso diet",control,0.050000000000000044
control,cenas sencillas... a veces menos es mÃ¡s er ing,control,0.050000000000000044
anorexia,y bueno esas son mis gordas piernas fat,anorexia,0.95
anorexia,alguien que quiera acompaÃ±arme a ayudar 4 dÃ­as,control,0.050000000000000044
anorexia,"que tu mama te diga que estas gorda, ese es el comienzo de todo esto. laodio",anorexia,0.95
control,vivir sin miedos y sin limites dÃ­melo deportivo casual nyfw newyorkfashionweek fgnywf jda estilo tendencias color estampados boy men girl discapacidad,control,0.0
anorexia,"despues de las 7 nada debe entrar en la boca, solo que sea agua o te sin azucar",anorexia,0.95
anorexia,"mis amigas no me ignoran,no mienten,me aconsejan y me recuerdan mis errores y metas porque quieren que sea una princesa como ellas.",control,0.050000000000000044
anorexia,hoy he comido mÃ¡s que un cerdo anorexic bulimic bulimicgirl,anorexia,0.95
anorexia,"no lo soy, pero respeto a ana y a mia para algunos son ejemplos a seguir y eso lo respeto respeto",control,0.050000000000000044
anorexia,ese momento en que la mente traiciona y te hace sentir el niÃ±ito mas deshidratado y raquÃ­tico de Ã¡frica... pero te recuerdo algo baby. no lo eres. coldprince,anorexia,0.95
control,"si no arriesgas nada, lo arriesgas todo crossfit coach crossfitgames crossfitter entreno atlethe train work workout training strict athlete fit fitinspiration coreperformance strong gym box muscle bodybuilding sport lifestyle arroyomolinos",control,9.999999999998899e-05
control,feliz solsticio de invierno. bolitas de atÃºn y queso con pistachos. acomer canapÃ© foodporn nikond3400 nikon foodphotography photography en andalusia,control,0.050000000000000044
anorexia,"chicas la semana de la moda en new york, ya tienen a sus nuevos thinspos ?",anorexia,0.95
control,quieres mejorar tu forma fÃ­sica? en nuestro centro te proporcionamos ejercicios personalizados con los mejore monitores! pilates pilatessevilla pilatesstudio pilatesparatodos ponteenforma entrenamiento core pilatesmaquinas pilatesoriginal sevilla mairena trx,control,0.0010000000000000009
control,mi suegra intentando convencerme de que tomar azÃºcar es bueno... no serÃ© yo quien la saque de matrix sugarfree,control,0.050000000000000044
anorexia,cuarto dia de ayuno dale que se puede!!!!!,anorexia,0.95
anorexia,el dÃ­a que consiga ser la princesa que quiero ser subirÃ© una foto de mi cuerpo para agradecer a lo que hacen por mÃ­,anorexia,0.95
control,"mejor que querer, es hacer nunca dejes de correr si se puede runningteamsuperacion salud healthylifestyle healthyfood ejercicios motivation yoelegicorrer runningteamsuperacion gabrielhugovilella personaltrainer iloverunn runhappy",control,0.050000000000000044
anorexia,en un ayuno no hay que estar sola,anorexia,0.95
anorexia,"hola, a todas las que me siguen y a las q no igual holaaaaa... me veo aqui de nuevo como una cerda de gorda y arrepentida",anorexia,0.95
anorexia,"vetÃ© a la verga andrea, no es mi culpa que a mi no afecte cenar y tu tengas que vomitar",anorexia,0.95
anorexia,momento en el que te duele el cuerpo y solo sientes satisfacciÃ³n de haber logrado un dÃ­a mas... anorexic bullimic proana promia princesa tca,anorexia,0.95
control,la realidad detrÃ¡s de una de las mejores proteÃ­nas atÃºn cocinafacil comersano healthyfood foodporn food foodie foodgasm cdmx mexico elhornodelucas lovecooking instafood recetasrapidas recipe recipes recetas,control,0.050000000000000044
control,molestes preparados para desayunos ricosanosaludablecomersano comerbien,control,0.050000000000000044
control,es imposible moderarse cuando los productos estÃ¡n especialmente diseÃ±ados para no poder dejar de consumirlos. las seÃ±ales hormonales son mÃ¡s fuertes que la voluntad. son droga y el 1er paso es la desintoxicaciÃ³n. processed foods and food reward,anorexia,0.85
control,"disfruta el suave sabor de este pollito de leche en salsa de cacahuate, platillo sÃºper fÃ¡cil de hacer cocinafacil comersano healthyfood foodporn food foodie foodgasm cdmx mexico elhornodelucas lovecooking instafood recetasrapidas",control,0.050000000000000044
anorexia,"hola linda gente, les doy la invitaciÃ³n de unirse a un grupo de whatsapp de ana y mÃ­a, asÃ­ para compartir logros y apoyarnos entre nosotras sÃ­ la personita que guste deje su nÃºmero en los comentarios o en privado. gracias por leer",control,0.050000000000000044
anorexia,mira que hermosos son sus huesos tan perfectos como ellas thinspo thinspiration thin,anorexia,0.95
control,lastimoso que sigamos presionandÃ³nos como mujeres a vernos perfectas y cero reales,control,0.050000000000000044
anorexia,si sigo haciendo este ejercicio y comiendo menos de 800kcal para aÃ±o nuevo voy a bajar un montÃ³n ana mia anorexia bulimia proana promia ed,anorexia,0.95
control,yellow monday lunes amarillo en cafi carrera 24 entre calles 29 y 30 si entrenas es bueno pero si te diviertes entrenando es mejor gymsalud gym salud gimnasiogimnasios en,control,9.999999999998899e-05
control,las mejores opciones de snacks para los pequeÃ±os de la casa cocinafacil comersano healthyfood foodporn food foodie foodgasm elhornodelucas lovecooking instafood recetasrapidas recipe recipes recetas comidamexicana mexicanfood,control,0.050000000000000044
anorexia,esto no es un juego. pero llevo tanto tiempo asi y no veo diferencia me quiero morir,anorexia,0.95
control,que difÃ­cil no comer fruta cuando la tienes preparada y lista para consumir . . . comefruta fruitlover fruit instafood instafruit fruitadict instanutrition er,control,0.050000000000000044
anorexia,siento que cada dÃ­a que pasa esto me consume mÃ¡s y lo peor es que no quiero ni puedo parar. rexybill mindfuck,anorexia,0.95
anorexia,la sensaciÃ³n de mareo cuando estas haciendo gym es lo mÃ¡s satisfactorio que hay. anorexia bulimia,anorexia,0.95
anorexia,Â¿como te atreves a decir que estas bien con lagrimas en los ojos y sangre en las muÃ±ecas? ihateme,anorexia,0.95
anorexia,querida princess. si no te deja en paz es porque tiene hambre y desea devorarte para estar satisfecha Â¡pero vos sos mÃ¡s fuerte! 3,anorexia,0.95
anorexia,secretos si me preguntas xq lo hago nose! si entenderas el placer q siento al ver la sangre correr,anorexia,0.95
control,caminar maÃ±ana de cardio cardioworkout senderismo instagood domingo amigos girl ruta descenso love avistamiento fruta nature photooftheday,control,0.0010000000000000009
anorexia,estÃºpida gordura que me cargo. yabasta perfecciÃ³n,anorexia,0.95
anorexia,"ayuda... alguien por favor, hÃ¡blame... ayÃºdame a cambiar... a dejar de ser estÃ¡ bola de grasa... por favor...",anorexia,0.95
control,"no dejes que tu mente controle tu cuerpo. hacer ejercicio no es moda, es quererte a ti mismo. . . . ejercicio gym workout miami, florida",control,0.0
control,hoy en nuestro face hablamos de las pÃ¡ginas proana y promia anorexia bulimia elche,anorexia,0.95
control,la fruta es arte... hoy y el prÃ³ximo viernes dÃ­a 1 habrÃ¡ un tallador de frutas en nuestro mercado. mercadodechamberi chamberi madrid healthyfood healthy ing fruta arte artfruit,control,0.050000000000000044
anorexia,yo se que puedo... no nesesito de la comida para vivir si tengo la felicidad de estar bajando de peso,anorexia,0.95
anorexia,hoy comÃ­ mucho. quiero vomitar. vivalabulimia,anorexia,0.95
anorexia,"parece que los que no pueden dejar de insultar a ana y mÃ­a, no tienen vida. proana promia asco",anorexia,0.95
anorexia,tip pro si comes naranja antes de ingerir comida vomitas mas y mas rapido!! d informacionquecura,anorexia,0.95
anorexia,"me he vuelto a pesar despuÃ©s de taaanto tiempo y subÃ­ 10 kg. intentÃ© mantenerme alejada de esto, ya que estuve perdiendo mi pelo",anorexia,0.95
anorexia,solo quiero correr y correr tan lejos dond este sola y no importe mi reflejo pero se q stoy realmente jodida y jamas escapare de ti,anorexia,0.95
control,"y entonces, cuando estÃ©s enamorado de ti mismo, vas a poder ser feliz y te enamorarÃ¡s de alguien. camiseta divinamente espalda yoga modamujer ropa ropamujer taichi salud saludoalsol vida frases girl madrid madridyoga amor amorpropio deporte",control,0.050000000000000044
control,"pollo con cerveza, setas, verduritas y tomillo es la cazuelita que hacÃ­a chupchup el otro dÃ­a y nos lo hemos comido hoy . Â¡no ha sobrado nada! subirÃ© la receta al blog en breve Â¿la quieres? si o si? . chupchupchup comidasana comerbien",control,0.050000000000000044
control,buen dia! nuestro cuerpo merece el mejor trato.compromiso asumido eatfresh eggs omega3 healthy healthyfood ing saludable nutricion aguacate,control,0.050000000000000044
control,"comer es una necesidad, pero comer de forma inteligente es un arte franÃ§ois de la rochefoucauld, escritor y aristÃ³crata por eso escogemos el producto mÃ¡s fresco y lo cocinamos de la mejor manera para que disfrutes del buen comer. zamora comerbien felizsabado",control,0.0
anorexia,no entendÃ­a porque me sentÃ­a tan mal hasta que recordÃ© que lo Ãºltimo solido que comÃ­ fue a las 10 de la maÃ±ana.,anorexia,0.95
anorexia,delgadez mÃ¡xima ven a mi!!!!,anorexia,0.95
anorexia,hoy harÃ© ayuno ayuno ana mia alisa princesa perfeccion,anorexia,0.95
control,el mejor calentamiento antes de un entrenamiento de pierna xd legday motivation diet salud eatclean exercise fitlife fit training bodybuilder,control,0.050000000000000044
anorexia,"ser flaca, ser perfecta!",anorexia,0.95
control,no sirve de nada que sean si me las como todas de una sentada,anorexia,0.95
control,la cantidad de comida que debemos ingerir para mantener un peso saludable es algo que preocupa a muchas personas ing comida saludable healthy felizlunes comer calorias dietasaludable nutricion articulo,control,0.050000000000000044
anorexia,casi siempre que me baja la regla estoy mÃ¡s dÃ©bil que una hoja y vomito aÃºn sin comer nada tips,anorexia,0.95
control,siempre tendrÃ¡s una excusa. trata de sacarla de tu cabeza y arriÃ©sgate a empezar tu nueva vida. te esperamos. . . somos monkeybusinessxfit crossfit guayaquil ecuador,control,0.050000000000000044
anorexia,eres lo que comes. instachile l4l f4f barbiedoll skinny celine redhair,anorexia,0.95
anorexia,me siento estÃºpida con la comida no quiero... pero de bo hacerlo si no mi madre sospechara de nuevo...,anorexia,0.95
control,"a 2 carnes hoy cerdo y pollo al horno guarniciÃ³n de champiÃ±ones salteados en mantequilla junto a berros y diente de dragÃ³n. y... obviamente, mayonesa casera hecha con aceite pepita de uva lowcarbchile keto lchf lchp",control,0.050000000000000044
control,algo anda mal aquÃ­? josepika vidasanayactiva,anorexia,0.95
anorexia,"os cuento que me encuentro estancada, no puedo parar de comer, no se a donde se ha ido mi autocontrol, ya me quiero morir si alguien se apunta a hacer alguna dieta conmigo, hablenme anorexic bulimic fat gorda proana thinspo thinspiration",anorexia,0.95
anorexia,"felizsabado chicas recordad que la comida se siente bien 3 segundos, el estar delgada toda la vida animo",control,0.050000000000000044
anorexia,atadas a nuestro reflejo. sweetanorexia ed fucklife,anorexia,0.95
anorexia,"maÃ±ana me toca pesarme, me acojona porque puede que me tome el dÃ­a a buenas o me de por arrancar cabezas bulimia anorexia tca",anorexia,0.95
anorexia,"me comÃ­ un chicle para calmar la ansiedad, y me comÃ­ 4 galletitas de chocolate... hÃ¡blame de gorda ana mia bulimia anorexia proana promia",anorexia,0.95
control,no me detendrÃ© hasta que mis brazos parezcan piernas... vikingspirit goldenera,anorexia,0.95
anorexia,"anorexia y bulimia todas las que pasamos por esto decimos que queremos salir de la enfermedad, pero hay algo que nos lo impide en el fondo no lo deseamos, y nosotras mismas dejamos que gane el lado negativo",anorexia,0.95
anorexia,"prinzzz que se respeta, come 5 veces al dÃ­a. despuÃ©s se daÃ±a el metabolismo y engordamos y kÃ© asko. pendejas.",anorexia,0.95
anorexia,que mas perfecto que esto?c ojala algÃºn dÃ­a logre estar asÃ­ quizÃ¡s me sienta bonita delgadas flacas,anorexia,0.95
control,"es jodido crecer en youtube, pero vamos que con este tipo de cosas lo que hacen es victimizarse, la derecha es muuuuuuy llorona y por culera, no ves que tienen mazo pasta para andar con denuncias tontas? este es otro video bastante top",control,0.050000000000000044
control,hoy para comer... damos por inaugurada la navidad con un arroz al horno tradicional. eatclean diet fit gym sport dietista nutricionista nutricion,control,0.050000000000000044
anorexia,"cuando existen las ganas, todo es posible",control,0.050000000000000044
control,conoce nuestros alfas.! quienes con su espÃ­ritu y entrega te ayudarÃ¡n a lograr tus objetivos.! sisepuede 21mar emprendedores salud deporte mma fitnesdecombate caracas venezuela,control,0.0
